id;name;stars;watchers;language;license
2724003;tbranyen/backbone.layoutmanager;1683;1683;JavaScript;mit
354961;facebookarchive/connect-js;1324;1324;JavaScript;none
109596;chef/cookbooks;1637;1637;Ruby;none
589367;taitems/Aristo-jQuery-UI-Theme;1438;1438;JavaScript;none
5089138;nostalgiaz/bootstrap-toggle-buttons;1110;1110;JavaScript;apache-2.0
3639793;cloudfuji/kandan;1083;1083;JavaScript;agpl-3.0
722962;RuudBurger/CouchPotatoV1;1010;1010;Python;gpl-3.0
80523;nkallen/cache-money;985;985;Ruby;apache-2.0
15619507;veltman/principles;975;975;;none
10731;typus/typus;997;997;Ruby;mit
2444194;makeable/Notificon;948;948;JavaScript;other
364267;voloko/uki;901;901;JavaScript;mit
3806814;d0ugal-archive/locache;900;900;JavaScript;mit
5185922;github-archive/swordfish;815;815;Ruby;none
1813466;fasterthanlime/jsmad;790;790;JavaScript;none
7405121;WebBooks/wbb;799;799;JavaScript;mit
1730874;noir-clojure/noir;789;789;Clojure;none
215859;cavalle/steak;783;783;Ruby;mit
6668;dchelimsky/rspec-rails;782;782;Ruby;other
2414391;anjlab/bootstrap-rails;778;778;CSS;none
12226292;square/apropos;777;777;Ruby;other
5964;ezmobius/nanite;764;764;Ruby;apache-2.0
7028490;web-animations/web-animations-js-legacy;769;769;JavaScript;apache-2.0
1710843;christianv/jquery-lifestream;747;747;JavaScript;mit
1661426;nodejitsu/haibu;763;763;JavaScript;mit
25856;aaronchi/jrails;740;740;Ruby;mit
391267;jed/fab;729;729;JavaScript;none
1473138;hotsh/rstat.us;724;724;Ruby;other
236068;ileitch/hijack;710;710;Ruby;mit
3873324;phlipper/chef-libqt4;721;721;Ruby;mit
13491895;vhf/free-programming-books;37403;37403;;unlicense
2126244;twbs/bootstrap;78729;78729;CSS;mit
460078;angular/angular.js;36293;36293;JavaScript;mit
211666;joyent/node;35156;35156;JavaScript;other
943149;mbostock/d3;35489;35489;JavaScript;bsd-3-clause
167174;jquery/jquery;33698;33698;JavaScript;other
3470471;FortAwesome/Font-Awesome;31253;31253;HTML;none
486550;h5bp/html5-boilerplate;29089;29089;JavaScript;mit
8514;rails/rails;25257;25257;Ruby;none
3065454;bartaz/impress.js;23470;23470;JavaScript;none
3214406;meteor/meteor;23158;23158;JavaScript;other
1062897;github/gitignore;22895;22895;;mit
206084;Homebrew/homebrew;21868;21868;Ruby;bsd-2-clause
291137;robbyrussell/oh-my-zsh;22187;22187;Shell;mit
952189;jashkenas/backbone;21041;21041;JavaScript;mit
2935735;adobe/brackets;21350;21350;JavaScript;mit
3100121;nwjs/nw.js;20760;20760;C++;mit
2561582;daneden/animate.css;20325;20325;CSS;none
2325298;torvalds/linux;20334;20334;C;gpl-2.0
1424470;moment/moment;19971;19971;JavaScript;mit
1861458;hakimel/reveal.js;19935;19935;JavaScript;mit
2573058;zurb/foundation;19600;19600;CSS;mit
7691631;docker/docker;19815;19815;Go;apache-2.0
1129010;blueimp/jQuery-File-Upload;19268;19268;JavaScript;none
65252;jekyll/jekyll;18964;18964;Ruby;mit
576201;mrdoob/three.js;18632;18632;JavaScript;mit
237159;strongloop/express;17896;17896;JavaScript;other
10270250;facebook/react;17926;17926;JavaScript;bsd-3-clause
1828795;AFNetworking/AFNetworking;16142;16142;Objective-C;mit
1631024;harvesthq/chosen;17196;17196;HTML;other
1700621;necolas/normalize.css;15699;15699;CSS;mit
18708860;tiimgreen/github-cheat-sheet;15634;15634;;mit
557980;Automattic/socket.io;15860;15860;JavaScript;mit
1334369;resume/resume.github.com;15582;15582;JavaScript;none
9309093;Semantic-Org/Semantic-UI;15629;15629;JavaScript;mit
1863329;laravel/laravel;15184;15184;PHP;none
2500088;gitlabhq/gitlabhq;15042;15042;Ruby;mit
3402537;h5bp/Front-end-Developer-Interview-Questions;14667;14667;;mit
317757;Modernizr/Modernizr;14641;14641;JavaScript;other
24953448;google/material-design-icons;14466;14466;HTML;other
9852918;TryGhost/Ghost;14367;14367;JavaScript;mit
12256376;driftyco/ionic;14416;14416;JavaScript;mit
10865436;dypsilon/frontend-dev-bookmarks;14183;14183;;none
3544424;jakubroztocil/httpie;13976;13976;Python;bsd-3-clause
7569578;discourse/discourse;13807;13807;Ruby;gpl-2.0
349241;jashkenas/underscore;13908;13908;JavaScript;mit
8843683;nnnick/Chart.js;13647;13647;JavaScript;mit
3228505;atom/atom;13304;13304;CoffeeScript;mit
3620194;select2/select2;13384;13384;JavaScript;mit
4164482;django/django;13283;13283;Python;bsd-3-clause
1200050;ariya/phantomjs;13292;13292;C++;bsd-3-clause
14440270;getify/You-Dont-Know-JS;13090;13090;JavaScript;none
1362490;kennethreitz/requests;13003;13003;Python;other
6498492;airbnb/javascript;12847;12847;JavaScript;none
1801829;emberjs/ember.js;13056;13056;JavaScript;mit
596892;mitsuhiko/flask;12980;12980;Python;other
3755875;Prinzhorn/skrollr;12507;12507;HTML;mit
156018;antirez/redis;12381;12381;C;bsd-3-clause
308770;plataformatec/devise;12450;12450;Ruby;mit
15204860;papers-we-love/papers-we-love;12430;12430;;none
11167738;gulpjs/gulp;12271;12271;JavaScript;mit
16408992;neovim/neovim;12360;12360;VimL;other
698041;caolan/async;12160;12160;JavaScript;mit
5710341;bower/bower;11892;11892;JavaScript;mit
527644;less/less.js;11962;11962;JavaScript;apache-2.0
1844251;tastejs/todomvc;11826;11826;JavaScript;mit
6064342;limetext/lime;11021;11021;Go;bsd-2-clause
455600;facebook/hhvm;11199;11199;C++;other
2329766;mathiasbynens/dotfiles;10985;10985;VimL;mit
27193779;iojs/io.js;11050;11050;JavaScript;other
21600440;bayandin/awesome-awesomeness;10890;10890;;none
481366;nvie/gitflow;10936;10936;Shell;other
441269;jashkenas/coffeescript;10884;10884;CoffeeScript;mit
1413492;defunkt/jquery-pjax;10935;10935;JavaScript;mit
5448530;twbs/ratchet;10883;10883;CSS;mit
9603240;yahoo/pure;10791;10791;HTML;other
26689598;prakhar1989/awesome-courses;10454;10454;;none
5344375;textmate/textmate;10259;10259;C++;other
507775;elastic/elasticsearch;10289;10289;Java;apache-2.0
1663468;mozilla/pdf.js;10649;10649;JavaScript;apache-2.0
18275356;facebook/pop;10278;10278;Objective-C++;bsd-3-clause
3602123;hammerjs/hammer.js;10189;10189;JavaScript;mit
931135;Leaflet/Leaflet;9967;9967;JavaScript;bsd-2-clause
21289110;vinta/awesome-python;10067;10067;Python;none
3638964;ansible/ansible;9945;9945;Python;gpl-3.0
911765;diaspora/diaspora;9839;9839;Ruby;none
1028340;ajaxorg/ace;9921;9921;JavaScript;bsd-3-clause
3757512;balderdashy/sails;9780;9780;JavaScript;mit
458058;symfony/symfony;9821;9821;PHP;mit
23069399;FezVrasta/bootstrap-material-design;9805;9805;CSS;other
724712;rust-lang/rust;9726;9726;Rust;apache-2.0
1300192;octocat/Spoon-Knife;9721;9721;CSS;none
18049133;kenwheeler/slick;9559;9559;JavaScript;mit
19542809;interagent/http-api-design;9683;9683;;other
8297888;twitter/typeahead.js;9504;9504;JavaScript;mit
24635156;t4t5/sweetalert;9637;9637;JavaScript;mit
2234102;bcit-ci/CodeIgniter;9447;9447;PHP;mit
11133743;h5bp/Effeckt.css;9393;9393;CSS;mit
907410;jquery/jquery-mobile;9434;9434;JavaScript;other
8538132;designmodo/Flat-UI;9351;9351;JavaScript;none
2430537;gruntjs/grunt;9243;9243;JavaScript;mit
18511024;google/web-starter-kit;9235;9235;CSS;apache-2.0
8681349;cantino/huginn;9059;9059;Ruby;mit
3428345;ftlabs/fastclick;8935;8935;JavaScript;mit
15585444;IanLunn/Hover;9055;9055;CSS;mit
5532320;Polymer/polymer;8858;8858;JavaScript;none
481872;mitchellh/vagrant;8802;8802;Ruby;mit
341626;imathis/octopress;8803;8803;Ruby;none
3022431;addyosmani/backbone-fundamentals;8792;8792;JavaScript;none
21065473;bolshchikov/js-must-watch;8869;8869;;none
478996;jquery/jquery-ui;8781;8781;JavaScript;other
1039520;rg3/youtube-dl;8729;8729;Python;unlicense
8686855;usablica/intro.js;8744;8744;JavaScript;none
10567197;progrium/dokku;8582;8582;Shell;mit
301742;tornadoweb/tornado;8710;8710;Python;apache-2.0
1337658;scottjehl/Respond;8567;8567;JavaScript;mit
15150300;tobiasahlin/SpinKit;8575;8575;CSS;mit
12244426;rstacruz/nprogress;8715;8715;JavaScript;mit
1800198;rwaldron/idiomatic.js;8554;8554;;other
14370955;sahat/hackathon-starter;8560;8560;CSS;none
2404027;nathanmarz/storm;8538;8538;Java;other
84009;jasmine/jasmine;8458;8458;JavaScript;mit
2336578;twbs/bootstrap-sass;8452;8452;Ruby;mit
20429943;numbbbbb/the-swift-programming-language-in-chinese;8452;8452;Python;none
36502;git/git;8372;8372;C;gpl-2.0
26554;reddit/reddit;8333;8333;Python;other
3955647;lodash/lodash;8364;8364;JavaScript;other
667006;videojs/video.js;8265;8265;JavaScript;other
924303;madrobby/zepto;8220;8220;JavaScript;mit
16677706;kahun/awesome-sysadmin;8238;8238;;none
3431083;BradLarson/GPUImage;8186;8186;Objective-C;bsd-3-clause
18280236;GitbookIO/gitbook;8185;8185;JavaScript;apache-2.0
12972263;alvarotrigo/fullPage.js;8139;8139;JavaScript;none
2162719;xdissent/ievms;8173;8173;Shell;none
5101823;Shopify/dashing;8105;8105;JavaScript;mit
6094683;angular-ui/bootstrap;8108;8108;JavaScript;mit
9393759;photonstorm/phaser;8097;8097;JavaScript;mit
1685764;dhg/Skeleton;8053;8053;CSS;mit
734934;jadejs/jade;8046;8046;JavaScript;mit
10536180;jmcunningham/AngularJS-Learning;8037;8037;;none
313419;rs/SDWebImage;8018;8018;Objective-C;mit
1357796;kripken/emscripten;8002;8002;C;other
1195004;angular/angular-seed;7976;7976;JavaScript;mit
887025;kriskowal/q;7999;7999;JavaScript;mit
809601;wycats/handlebars.js;7947;7947;JavaScript;mit
29900673;phanan/htaccess;7849;7849;;other
6452529;rethinkdb/rethinkdb;7932;7932;C++;none
11820425;wagerfield/parallax;7920;7920;JavaScript;other
529502;scrapy/scrapy;7809;7809;Python;bsd-3-clause
2862290;nostra13/Android-Universal-Image-Loader;7735;7735;Java;apache-2.0
1274749;browserstate/history.js;7700;7700;JavaScript;other
1365679;chriskempson/tomorrow-theme;7640;7640;CSS;other
2371106;bbatsov/ruby-style-guide;7676;7676;;none
2278524;github/hubot;7656;7656;CoffeeScript;mit
508845;RestKit/RestKit;7637;7637;Objective-C;apache-2.0
380961;desandro/masonry;7621;7621;JavaScript;none
132321;facebookarchive/three20;7478;7478;Objective-C;other
14705691;ziadoz/awesome-php;7593;7593;;other
995750;gmarik/Vundle.vim;7502;7502;VimL;mit
326688;janl/mustache.js;7455;7455;JavaScript;mit
4814354;LightTable/LightTable;7436;7436;Clojure;mit
7607075;CamDavidsonPilon/Probabilistic-Programming-and-Bayesian-Methods-for-Hackers;7368;7368;Python;mit
12785292;peachananr/onepage-scroll;7354;7354;JavaScript;none
3422939;enyo/dropzone;7367;7367;JavaScript;mit
14194174;alex/what-happens-when;7315;7315;;none
3633690;NUKnightLab/TimelineJS;7318;7318;JavaScript;mpl-2.0
21399598;angular/material;7295;7295;JavaScript;mit
14712850;syncthing/syncthing;7244;7244;Go;gpl-3.0
4839957;jfeinstein10/SlidingMenu;7205;7205;Java;apache-2.0
14807173;SamyPesse/How-to-Make-a-Computer-Operating-System;7254;7254;C;apache-2.0
3606624;ReactiveCocoa/ReactiveCocoa;7225;7225;Objective-C;mit
26295345;dotnet/corefx;7197;7197;C#;mit
1580851;dimsemenov/PhotoSwipe;7192;7192;JavaScript;mit
501326;jrburke/requirejs;7168;7168;PHP;other
2214953;fgnass/spin.js;7123;7123;JavaScript;mit
1207300;etsy/statsd;7182;7182;JavaScript;mit
22458259;Alamofire/Alamofire;7120;7120;Swift;mit
12774825;HubSpot/pace;7138;7138;CSS;mit
48296;DmitryBaranovskiy/raphael;7047;7047;JavaScript;mit
11177928;karan/Projects;7000;7000;;mit
538746;ruby/ruby;6980;6980;Ruby;other
7741856;GoodBoyDigital/pixi.js;6989;6989;JavaScript;mit
18611173;julianshapiro/velocity;6980;6980;JavaScript;mit
1381283;altercation/solarized;6885;6885;VimL;mit
21108956;gorhill/uBlock;6920;6920;JavaScript;gpl-3.0
23096959;golang/go;6861;6861;Go;bsd-3-clause
11960085;WickyNilliams/headroom.js;6855;6855;JavaScript;mit
268027;carhartl/jquery-cookie;6837;6837;JavaScript;mit
4037197;Valloric/YouCompleteMe;6851;6851;Python;none
1283503;request/request;6816;6816;JavaScript;other
931039;substack/node-browserify;6797;6797;JavaScript;other
108110;mongodb/mongo;6823;6823;C++;none
138312;capistrano/capistrano;6793;6793;Ruby;mit
4012544;yeoman/yeoman;6783;6783;;none
20430314;fullstackio/FlappySwift;6779;6779;Swift;none
8393;thoughtbot/paperclip;6738;6738;Ruby;mit
10187082;Unitech/PM2;6743;6743;JavaScript;other
23083156;callemall/material-ui;6719;6719;JavaScript;mit
215047;jdg/MBProgressHUD;6720;6720;Objective-C;mit
10894716;irungentoo/toxcore;6652;6652;C;gpl-3.0
1451060;JakeWharton/ActionBarSherlock;6668;6668;Java;apache-2.0
4311796;adam-p/markdown-here;6619;6619;JavaScript;mit
18607529;Famous/famous;6638;6638;JavaScript;mpl-2.0
17446152;gabrielecirulli/2048;6609;6609;CSS;mit
3502120;scottjehl/picturefill;6590;6590;JavaScript;mit
1181927;bitcoin/bitcoin;6604;6604;C++;mit
20580498;GoogleCloudPlatform/kubernetes;6579;6579;Go;apache-2.0
22765472;keen/dashboards;6589;6589;JavaScript;mit
1481305;kennethreitz/python-guide;6552;6552;Shell;other
873328;getsentry/sentry;6544;6544;Python;bsd-3-clause
327605;Joose/Joose;321;321;JavaScript;none
7264684;rails/commands;321;321;Ruby;mit
2322382;alaingilbert/Turntable-API;321;321;JavaScript;mit
5770334;soulwire/FoldScroll;320;320;JavaScript;none
348295;nesquena/sinatra_more;320;320;Ruby;mit
2255032;ileitch/rapns;319;319;Ruby;mit
4564589;maryrosecook/islaclj;319;319;Clojure;mit
3482574;seedifferently/the-great-web-framework-shootout;318;318;PHP;none
3457044;h5bp/mothereffinganimatedgif;318;318;JavaScript;none
9983521;jayalai/fitgrd;318;318;CSS;none
766855;mape/connect-assetmanager;316;316;JavaScript;mit
291426;binarygod/BGHUDAppKit;317;317;Objective-C;none
8978221;adamschwartz/chrome-inspector-detector;316;316;JavaScript;none
4859;jcrosby/cloudkit;316;316;Ruby;mit
5886118;simonmaddox/GoogleTransit-iOS6;314;314;Objective-C;none
141238;EnigmaCurry/blogofile;314;314;Python;other
2676470;marijnh/Eloquent-JavaScript-1st-edition;314;314;JavaScript;none
10189116;ricardobeat/filr;313;313;JavaScript;none
6459782;toolness/slowmo-js;312;312;JavaScript;none
13596;redinger/validation_reflection;313;313;Ruby;mit
6767506;keithw/remy;310;310;C++;none
569717;vinsol/fullcalendar_rails;310;310;JavaScript;none
3403;radar/rboard;310;310;Ruby;none
158501;ezmobius/chef-deploy;309;309;Ruby;apache-2.0
726683;fortuity/rails3-mongoid-devise;308;308;Ruby;none
131538;seattlerb/vlad;307;307;Ruby;none
1805610;carrierwaveuploader/carrierwave-mongoid;306;306;Ruby;mit
3196063;ZaBlanc/InnerBand;308;308;Objective-C;none
3010;mojombo/erlectricity;308;308;Ruby;mit
35299;ryanb/complex-form-examples;307;307;Ruby;none
825237;carlhuda/janus;6026;6026;VimL;none
23974149;Dogfalo/materialize;5995;5995;CSS;mit
13622189;afaqurk/linux-dash;6015;6015;CSS;mit
12143585;adobe-webplatform/Snap.svg;5986;5986;JavaScript;apache-2.0
2965621;marionettejs/backbone.marionette;5976;5976;JavaScript;other
658518;ipython/ipython;5966;5966;Python;none
4584417;daylerees/colour-schemes;5956;5956;CSS;other
401025;github/hub;5946;5946;Go;mit
3744545;eternicode/bootstrap-datepicker;5930;5930;JavaScript;apache-2.0
7922549;flightjs/flight;5926;5926;JavaScript;mit
2340549;playframework/playframework;5929;5929;Scala;none
434430;tpope/vim-pathogen;5912;5912;VimL;none
760732;ccgus/fmdb;5925;5925;Objective-C;other
7544081;dimsemenov/Magnific-Popup;5890;5890;JavaScript;mit
11898182;audreyr/favicon-cheat-sheet;5889;5889;;mit
817345;tj/git-extras;5880;5880;Shell;mit
361310;jnicklas/capybara;5878;5878;Ruby;mit
17575535;gionkunz/chartist-js;5866;5866;JavaScript;other
5373551;libgdx/libgdx;5866;5866;Java;apache-2.0
2246815;domnikl/DesignPatternsPHP;5859;5859;PHP;mit
812393;intridea/grape;5857;5857;Ruby;mit
612230;creationix/nvm;5846;5846;Shell;mit
11225014;coreos/etcd;5850;5850;Go;apache-2.0
7191565;guillaumepotier/Parsley.js;5845;5845;JavaScript;mit
5683364;Mantle/Mantle;5820;5820;Objective-C;other
9384267;atom/atom-shell;5843;5843;C++;mit
15183485;julycoding/The-Art-Of-Programming-By-July;5825;5825;C;none
2349728;github/android;5784;5784;Java;apache-2.0
5271882;astaxie/build-web-application-with-golang;5804;5804;Go;bsd-3-clause
375388;ryanb/cancan;5777;5777;Ruby;mit
26066727;knsv/mermaid;5775;5775;JavaScript;mit
611921;activeadmin/activeadmin;5771;5771;Ruby;other
13753838;HubSpot/offline;5752;5752;CSS;mit
4897046;ccampbell/mousetrap;5727;5727;JavaScript;none
321278;npm/npm;5773;5773;JavaScript;other
3673976;sdelements/lets-chat;5769;5769;JavaScript;mit
11551538;koajs/koa;5724;5724;JavaScript;mit
1053270;php-fig/fig-standards;5714;5714;;other
13142126;muut/riotjs;5708;5708;JavaScript;mit
10154151;FredrikNoren/ungit;5707;5707;JavaScript;none
10731382;mrmrs/colors;5699;5699;CSS;none
942903;foreverjs/forever;5688;5688;JavaScript;mit
29247444;yaronn/blessed-contrib;5686;5686;JavaScript;none
16752620;gogits/gogs;5683;5683;Go;mit
15975439;julianlloyd/scrollReveal.js;5683;5683;JavaScript;mit
839076;mishoo/UglifyJS;5674;5674;JavaScript;none
12977854;breach/breach_core;5673;5673;JavaScript;mit
13737149;marmelab/gremlins.js;5656;5656;JavaScript;mit
47087;carrierwaveuploader/carrierwave;5632;5632;Ruby;none
5604798;brianreavis/selectize.js;5609;5609;JavaScript;apache-2.0
1211978;metafizzy/isotope;5616;5616;JavaScript;none
12670444;petkaantonov/bluebird;5583;5583;JavaScript;mit
1388245;loopj/android-async-http;5599;5599;Java;none
656494;cakephp/cakephp;5567;5567;PHP;none
3374332;thomaspark/bootswatch;5587;5587;HTML;mit
15283709;kkga/spacegray;5570;5570;JavaScript;mit
2677676;mailpile/Mailpile;5552;5552;Gettext Catalog;apache-2.0
929845;sass/sass;5515;5515;Ruby;mit
1903522;php/php-src;5499;5499;C;other
1653882;thoughtbot/bourbon;5502;5502;CSS;mit
5362524;adobe-fonts/source-code-pro;5481;5481;Shell;other
2096579;chjj/marked;5474;5474;JavaScript;mit
21413198;facebook/immutable-js;5470;5470;JavaScript;bsd-3-clause
20281866;cjbarber/ToolsOfTheTrade;5471;5471;;none
585285;gollum/gollum;5467;5467;JavaScript;mit
3159966;ubuwaits/beautiful-web-type;5464;5464;CSS;mit
1093228;cocos2d/cocos2d-x;5465;5465;C++;none
21540759;avelino/awesome-go;5454;5454;;mit
1864363;composer/composer;5427;5427;PHP;mit
1204214;LearnBoost/stylus;5427;5427;JavaScript;mit
909666;ajaxorg/cloud9;5423;5423;;none
9210604;mgonto/restangular;5412;5412;JavaScript;mit
8768406;postcss/autoprefixer;5412;5412;JavaScript;mit
2579314;fzaninotto/Faker;5384;5384;PHP;other
15464772;jessepollak/card;5382;5382;JavaScript;mit
10498249;hakimel/Ladda;5381;5381;JavaScript;mit
25659723;Microsoft/dotnet;5364;5364;;mit
40706;joshuaclayton/blueprint-css;5347;5347;CSS;mit
2810455;ggreer/the_silver_searcher;5366;5366;C;apache-2.0
34045;pokeb/asi-http-request;5327;5327;Objective-C;other
1305114;roots/sage;5338;5338;PHP;mit
5558246;substack/stream-handbook;5324;5324;JavaScript;other
1290701;imakewebthings/waypoints;5309;5309;JavaScript;other
16989736;popcorn-time/popcorn-app;5320;5320;CSS;none
286061;sitaramc/gitolite;5307;5307;Perl;other
20537104;google/cayley;5307;5307;Go;apache-2.0
2203645;CocoaPods/CocoaPods;5307;5307;Ruby;other
129791;javan/whenever;5281;5281;Ruby;mit
728994;FineUploader/fine-uploader;5305;5305;JavaScript;other
2889328;WordPress/WordPress;5278;5278;PHP;gpl-2.0
1136075;cubiq/iscroll;5268;5268;JavaScript;mit
10057936;square/picasso;5268;5268;Java;apache-2.0
9946843;Grouper/FlatUIKit;5276;5276;Objective-C;mit
331603;tpope/vim-fugitive;5264;5264;VimL;none
9158654;jakiestfu/Snap.js;5231;5231;JavaScript;none
14098069;justjavac/free-programming-books-zh_CN;5248;5248;;gpl-3.0
687836;senchalabs/connect;5245;5245;JavaScript;mit
3431193;yiisoft/yii2;5242;5242;PHP;other
642222;apenwarr/sshuttle;5225;5225;Python;other
810796;sferik/rails_admin;5229;5229;Ruby;mit
658594;harthur/brain;5226;5226;JavaScript;mit
843222;scikit-learn/scikit-learn;5223;5223;C;bsd-3-clause
1358497;aFarkas/html5shiv;5216;5216;JavaScript;gpl-2.0
1644196;JuliaLang/julia;5219;5219;Julia;other
2939440;jquery-ui-bootstrap/jquery-ui-bootstrap;5189;5189;CSS;none
20167283;sbstjn/timesheet.js;5164;5164;JavaScript;mit
14454268;briangonzalez/jquery.adaptive-backgrounds.js;5169;5169;JavaScript;none
2536697;hpneo/gmaps;5157;5157;JavaScript;none
1148753;spring-projects/spring-framework;5155;5155;Java;none
8986773;benweet/stackedit;5152;5152;JavaScript;other
2155793;JakeWharton/ViewPagerIndicator;5121;5121;Java;none
2616595;shutterstock/rickshaw;5115;5115;JavaScript;mit
15045751;docker/compose;5104;5104;Python;apache-2.0
1706871;davatron5000/FitText.js;5102;5102;JavaScript;none
22046023;facebook/flux;5097;5097;JavaScript;bsd-3-clause
2854337;phalcon/cphalcon;5109;5109;C;none
3509134;morrisjs/morris.js;5099;5099;CoffeeScript;none
587311;intridea/omniauth;5097;5097;Ruby;mit
3693021;mailcheck/mailcheck;5082;5082;JavaScript;mit
451035;plataformatec/simple_form;5074;5074;Ruby;mit
22670857;enaqx/awesome-react;5061;5061;HTML;none
30384844;Flipboard/react-canvas;5008;5008;JavaScript;bsd-3-clause
1308789;javve/list.js;5049;5049;JavaScript;mit
702550;zendframework/zf2;5060;5060;PHP;bsd-3-clause
7066560;charliesome/better_errors;5045;5045;Ruby;mit
3774328;wg/wrk;4991;4991;C;apache-2.0
6714787;amsul/pickadate.js;4983;4983;JavaScript;mit
2540368;jaredhanson/passport;4982;4982;JavaScript;mit
189840;fabric/fabric;4973;4973;Python;bsd-2-clause
15111821;grafana/grafana;4950;4950;JavaScript;other
1280180;phacility/phabricator;4948;4948;PHP;apache-2.0
1092277;douglascrockford/JSON-js;4964;4964;JavaScript;none
2945088;revel/revel;4930;4930;Go;mit
24120252;vladikoff/chromeos-apk;4932;4932;JavaScript;mit
5718947;mgcrea/angular-strap;4929;4929;JavaScript;mit
21872392;josephmisiti/awesome-machine-learning;4915;4915;Python;none
5239185;quilljs/quill;4896;4896;CoffeeScript;bsd-3-clause
12283195;path/FastImageCache;4884;4884;Objective-C;mit
2541284;cheeriojs/cheerio;4888;4888;JavaScript;none
4578002;faif/python-patterns;4882;4882;Python;none
10788737;codepath/android_guides;4875;4875;;mit
261335;progit/progit;4861;4861;Ruby;none
1213225;isagalaev/highlight.js;4873;4873;JavaScript;bsd-3-clause
3195124;mperham/sidekiq;4865;4865;Ruby;other
440826;mleibman/SlickGrid;4852;4852;JavaScript;mit
17375436;lukehoban/es6features;4857;4857;;mit
2087064;SignalR/SignalR;4854;4854;C#;other
2560988;karma-runner/karma;4849;4849;CoffeeScript;mit
648414;jzaefferer/jquery-validation;4845;4845;JavaScript;none
13840241;Thibaut/devdocs;4837;4837;Ruby;mpl-2.0
7009393;mozilla/togetherjs;4836;4836;JavaScript;other
1338813;paperjs/paper.js;4834;4834;JavaScript;mit
14098121;aosabook/500lines;4804;4804;JavaScript;other
1390248;saltstack/salt;4824;4824;Python;other
2491285;mozilla/BrowserQuest;4808;4808;JavaScript;other
926544;slimphp/Slim;4792;4792;PHP;mit
14235657;north/north;4796;4796;CSS;mit
901662;libgit2/libgit2;4792;4792;C;other
9060347;google/traceur-compiler;4785;4785;JavaScript;apache-2.0
5094437;ducksboard/gridster.js;4781;4781;JavaScript;mit
692798;b4winckler/macvim;4773;4773;C;none
25212911;davidsonfellipe/awesome-wpo;4777;4777;;mit
1420053;guzzle/guzzle;4770;4770;PHP;mit
1538210;TransitApp/SVProgressHUD;4768;4768;Objective-C;other
7508411;ReactiveX/RxJava;4772;4772;Java;apache-2.0
800294;johnezang/JSONKit;4753;4753;Objective-C;none
5108051;Itseez/opencv;4744;4744;C++;other
1217404;jordansissel/fpm;4746;4746;Ruby;mit
11075527;bling/vim-airline;4742;4742;VimL;mit
13124802;influxdb/influxdb;4737;4737;Go;mit
958314;remy/nodemon;4738;4738;JavaScript;none
1871273;jverkoey/nimbus;4726;4726;Objective-C;apache-2.0
1787090;jigish/slate;4711;4711;Objective-C;gpl-3.0
1272666;jshint/jshint;4710;4710;JavaScript;mit
1333863;amatsuda/kaminari;4701;4701;Ruby;mit
738491;facebook/facebook-ios-sdk;4704;4704;Objective-C;apache-2.0
1790564;handsontable/handsontable;4685;4685;JavaScript;mit
13030144;janpaepke/ScrollMagic;4666;4666;JavaScript;other
10664;cucumber/cucumber;4679;4679;Ruby;mit
16965762;facebook/Shimmer;4679;4679;Objective-C;bsd-3-clause
619849;spf13/spf13-vim;4659;4659;VimL;apache-2.0
3327382;Automattic/_s;4657;4657;PHP;none
21486287;sahat/satellizer;4627;4627;JavaScript;mit
10365411;daviferreira/medium-editor;4646;4646;JavaScript;other
771016;boto/boto;4622;4622;Python;mit
11570469;Masonry/Masonry;4626;4626;Objective-C;mit
3116751;excilys/androidannotations;4613;4613;Java;other
5676886;angular-app/angular-app;4619;4619;JavaScript;mit
2280459;madrobby/keymaster;4610;4610;JavaScript;mit
4307108;bitly/nsq;4608;4608;Go;mit
1549138;CocoaLumberjack/CocoaLumberjack;4602;4602;Objective-C;other
7497;justinfrench/formtastic;4589;4589;Ruby;mit
248523;scrooloose/syntastic;4575;4575;VimL;other
16607898;drone/drone;4568;4568;Go;apache-2.0
892275;square/retrofit;4570;4570;Java;apache-2.0
8900723;inconshreveable/ngrok;4550;4550;Go;other
31125362;bendc/frontend-guidelines;4544;4544;;none
20999018;sdegutis/mjolnir;4538;4538;C;none
19353482;mozilla/metrics-graphics;4543;4543;JavaScript;mpl-2.0
2874001;chrisbanes/Android-PullToRefresh;4543;4543;Java;apache-2.0
805461;felixge/node-mysql;4533;4533;JavaScript;mit
13048104;zenorocha/alfred-workflows;4527;4527;;none
2400938;paulasmuth/fnordmetric;4520;4520;C++;gpl-3.0
116252;stubbornella/oocss;4527;4527;JavaScript;bsd-3-clause
8418302;fronteed/iCheck;4514;4514;CSS;none
1676966;thebird/Swipe;4484;4484;JavaScript;mit
15953199;HubSpot/youmightnotneedjquery;4474;4474;CSS;mit
3687489;jacomyal/sigma.js;4476;4476;JavaScript;mit
2893217;backbone-boilerplate/backbone-boilerplate;4468;4468;JavaScript;mit
4524181;facebook/folly;4458;4458;C++;apache-2.0
13863797;Pixelkit/PixelKit-Bootstrap-UI-Kits;4451;4451;CSS;none
28428729;wasabeef/awesome-android-ui;4454;4454;;none
1529160;ether/etherpad-lite;4442;4442;JavaScript;apache-2.0
981065;mailchimp/email-blueprints;4445;4445;;none
14930729;boot2docker/boot2docker;4446;4446;Shell;apache-2.0
9477941;p-e-w/finalterm;4437;4437;Vala;gpl-3.0
21265042;facebook/AsyncDisplayKit;4412;4412;Objective-C;bsd-3-clause
1791673;imakewebthings/deck.js;4439;4439;JavaScript;mit
993110;getpelican/pelican;4405;4405;HTML;agpl-3.0
5880912;NetEase/pomelo;4423;4423;JavaScript;mit
3598373;square/crossfilter;4400;4400;JavaScript;other
912896;liuliu/ccv;4388;4388;C;other
24560307;babel/babel;4375;4375;JavaScript;mit
11507163;uikit/uikit;4371;4371;CSS;mit
12933501;zurb/ink;4378;4378;HTML;mit
908893;mranney/node_redis;4355;4355;JavaScript;none
4924151;ExactTarget/fuelux;4336;4336;JavaScript;bsd-3-clause
3282;scrooloose/nerdtree;4366;4366;VimL;none
9603714;supermarin/Alcatraz;4348;4348;Objective-C;mit
12708085;ejci/favico.js;4324;4324;JavaScript;other
2056312;niklasvh/html2canvas;4326;4326;JavaScript;mit
5923215;hexojs/hexo;4302;4302;JavaScript;mit
3451238;yiisoft/yii;4312;4312;PHP;other
28693376;arasatasaygin/is.js;4297;4297;JavaScript;mit
12228746;al3x/sovereign;4291;4291;ApacheConf;none
12013012;IronSummitMedia/startbootstrap;4285;4285;HTML;apache-2.0
1227;mislav/will_paginate;4278;4278;Ruby;mit
3301623;tommoor/tinycon;4287;4287;JavaScript;mit
1064563;netty/netty;4275;4275;Java;apache-2.0
2562751;zxing/zxing;4256;4256;Java;apache-2.0
448045;sebastianbergmann/phpunit;4234;4234;PHP;bsd-3-clause
5971563;jschr/bootstrap-modal;4255;4255;HTML;apache-2.0
2830198;aterrien/jQuery-Knob;4232;4232;JavaScript;mit
2915478;Inferis/ViewDeck;4234;4234;Objective-C;none
789725;unconed/TermKit;4218;4218;JavaScript;bsd-3-clause
11530283;VerbalExpressions/JSVerbalExpressions;4198;4198;JavaScript;mit
812610;guard/guard;4192;4192;Ruby;mit
5627682;serbanghita/Mobile-Detect;4197;4197;PHP;other
2080922;clojure/clojurescript;4153;4153;Clojure;none
1295612;flot/flot;4163;4163;JavaScript;mit
13426154;HubSpot/odometer;4157;4157;CSS;mit
4012085;zeroclipboard/zeroclipboard;4148;4148;JavaScript;mit
4095287;bbatsov/rubocop;4141;4141;Ruby;mit
858127;pydata/pandas;4133;4133;Python;other
2331413;kien/ctrlp.vim;4140;4140;VimL;none
9175924;helios-framework/helios;4125;4125;CSS;mit
17066884;binux/pyspider;4120;4120;Python;apache-2.0
12631084;HubSpot/vex;4120;4120;CSS;mit
1280658;CreateJS/EaselJS;4104;4104;JavaScript;mit
3671042;olton/Metro-UI-CSS;4110;4110;CSS;mit
11827098;maroslaw/rainyday.js;4107;4107;JavaScript;gpl-2.0
7744300;alexwolfe/Buttons;4099;4099;JavaScript;other
12512833;philipwalton/solved-by-flexbox;4087;4087;CSS;mit
18696257;qrohlf/trianglify;4098;4098;JavaScript;gpl-3.0
2328523;n1k0/casperjs;4087;4087;JavaScript;mit
6761380;vitalets/x-editable;4084;4084;JavaScript;mit
13527761;BrowserSync/browser-sync;4085;4085;JavaScript;apache-2.0
14003349;mozilla/localForage;4081;4081;JavaScript;other
9139994;heelhook/chardin.js;4058;4058;CSS;other
15100395;greatfire/wiki;4075;4075;;none
1295505;nikki/liteAccordion;238;238;JavaScript;mit
5543288;matthewrobb/six;238;238;JavaScript;mit
15824423;Zulko/picnic.py;238;238;Python;mit
18814551;sakamies/css-vocabulary;238;238;JavaScript;mit
476414;felixge/node-paperboy;238;238;JavaScript;mit
12112007;nicklockwood/OSNavigationController;238;238;Objective-C;other
1308593;Cocoanetics/MyAppSales;237;237;Objective-C;bsd-2-clause
1986911;calvinfroedge/codeigniter-payments;237;237;PHP;none
5863090;sightmachine/simplecv-js;237;237;JavaScript;none
751;trevorturk/eldorado;237;237;Ruby;none
4229981;ejholmes/vagrant-heroku;237;237;Shell;none
1420617;sonsongithub/CoreAR;237;237;C;bsd-3-clause
1091045;jgorset/fandjango;237;237;Python;mit
14473873;josh/jquery-selector-set;237;237;JavaScript;mit
29947;augustl/live-validations;236;236;Ruby;mit
1059680;westonruter/webforms2;236;236;JavaScript;none
16817419;ekalinin/envirius;236;236;Shell;mit
18966;sproutit/sproutcore-samples;236;236;JavaScript;none
25441251;tehmaze/diagram;236;236;Python;mit
237103;auser/alice;236;236;Erlang;mit
717687;cloudhead/hijs;236;236;JavaScript;mit
4813671;litl/WKVerticalScrollBar;236;236;Objective-C;mit
1652875;bluesmoon/pngtocss;236;236;C;none
3050548;rocktronica/tmpltr;235;235;JavaScript;none
2541616;wookiehangover/underscore.deferred;235;235;JavaScript;mit
20559;rails/in_place_editing;235;235;Ruby;none
60160;thoughtbot/limerick_rake;235;235;Ruby;mit
225937;mnot/nbhttp;235;235;Python;none
6464597;AFNetworking/Xcode-Project-Templates;235;235;Objective-C;none
128130;tav/tweetapp;235;235;Python;none
656072;tkyk/jquery-history-plugin;228;228;JavaScript;none
1273158;Bettermeans/bettermeans;227;227;JavaScript;none
113169;grosser/rpx_now;227;227;Ruby;none
15210842;rsoffer/RS3DSegmentedControl;227;227;Objective-C;mit
5756107;sakrist/FacebookSample;227;227;Objective-C;none
17867570;AdamMarsden/Crumpet;227;227;CSS;none
777716;senchalabs/spark;227;227;JavaScript;none
503270;nkallen/querulous;227;227;Scala;apache-2.0
15218510;voidfiles/lark;227;227;Python;mit
850519;ballantyne/weibo;227;227;Ruby;mit
2752699;square/luhnybin;227;227;Shell;apache-2.0
778553;miksago/jade-tmbundle;226;226;;none
106485;alexyoung/ico;227;227;JavaScript;mit
12075030;avp/spectra;227;227;JavaScript;mit
3216847;bastianallgeier/kirbycms-panel;226;226;PHP;none
238559;pdherbemont/Glasses;226;226;Objective-C;none
67787;adamwiggins/pony;226;226;Ruby;none
3287703;sorced-jim/SPDY-for-iPhone;226;226;Objective-C;apache-2.0
39705;jeresig/fireunit;226;226;JavaScript;other
459366;jeffkreeftmeijer/navvy;225;225;Ruby;other
866340;BonsaiDen/BiSON.js;225;225;JavaScript;mit
12657502;texit/texit;226;226;Python;mit
2262333;filamentgroup/jqm-pagination;225;225;JavaScript;mit
11831825;freddier/Puls3-America;225;225;CSS;none
25215453;gmarland/GhostRunner;225;225;C#;mit
1226589;jtobey/javascript-bignum;225;225;JavaScript;mit
18275035;wolever/pprintpp;225;225;Python;other
1500342;sonsongithub/PopupView;224;224;Objective-C;bsd-3-clause
880602;kof/jqtpl;225;225;JavaScript;none
236763;NZKoz/rails_xss;224;224;Ruby;mit
1664714;csswizardry/inuit.css;3828;3828;CSS;other
11730342;yyx990803/vue;3828;3828;JavaScript;mit
1171324;h5bp/mobile-boilerplate;3822;3822;ApacheConf;mit
28233099;isohuntto/openbay;3815;3815;PHP;gpl-3.0
15008072;sindresorhus/quick-look-plugins;3804;3804;;none
3361835;blasten/turn.js;3807;3807;JavaScript;other
2888818;scala/scala;3800;3800;Scala;none
4637221;powerline/powerline;3803;3803;Python;mit
17107479;nolimits4web/Framework7;3799;3799;JavaScript;mit
1090311;elastic/logstash;3802;3802;Ruby;other
919161;arduino/Arduino;3796;3796;HTML;other
5499847;square/PonyDebugger;3790;3790;Objective-C;other
4714614;dc-js/dc.js;3789;3789;JavaScript;apache-2.0
1688596;thoughtbot/laptop;3778;3778;Shell;mit
3721224;nolimits4web/Swiper;3788;3788;JavaScript;none
22394357;facebook/osquery;3776;3776;C++;bsd-3-clause
15634981;okamstudio/godot;3771;3771;C;other
3859306;square/cubism;3768;3768;JavaScript;other
1217614;xbmc/xbmc;3771;3771;C++;other
5245894;ractivejs/ractive;3743;3743;JavaScript;mit
1431547;tomchristie/django-rest-framework;3725;3725;Python;none
827590;sampsyo/beets;3734;3734;Python;mit
13234786;jverdi/JVFloatLabeledTextField;3722;3722;Objective-C;mit
2777268;holman/spark;3715;3715;Shell;mit
10750276;square/maximum-awesome;3712;3712;Ruby;other
1205958;seajs/seajs;3714;3714;JavaScript;mit
3289628;needim/noty;3712;3712;JavaScript;mit
8966356;mitchellh/packer;3708;3708;Go;mpl-2.0
10740728;romaonthego/RESideMenu;3707;3707;Objective-C;mit
45547;jquery/sizzle;3705;3705;JavaScript;other
4431560;necolas/idiomatic-css;3702;3702;;none
1173522;sorin-ionescu/prezto;3696;3696;Shell;none
2310615;davatron5000/FitVids.js;3695;3695;JavaScript;none
14187079;kevinzhow/PNChart;3696;3696;Objective-C;mit
2990192;WhisperSystems/TextSecure;3691;3691;Java;gpl-3.0
500370;remy/html5demos;3681;3681;JavaScript;mit
2889116;levey/AwesomeMenu;3688;3688;Objective-C;other
4279682;fish-shell/fish-shell;3671;3671;Gettext Catalog;other
5311424;madebymany/sir-trevor-js;3665;3665;JavaScript;mit
1121880;headjs/headjs;3676;3676;JavaScript;mit
130013;akka/akka;3664;3664;Scala;other
14640245;dieulot/instantclick;3665;3665;JavaScript;mit
15221739;segmentio/myth;3654;3654;JavaScript;none
3516624;twitter/twemproxy;3659;3659;C;apache-2.0
5152285;square/okhttp;3657;3657;Java;apache-2.0
4047080;jmechner/Prince-of-Persia-Apple-II;3651;3651;Assembly;other
646976;infinite-scroll/infinite-scroll;3651;3651;JavaScript;none
12721303;CEWendel/SWTableViewCell;3650;3650;Objective-C;mit
5476048;dangrossman/bootstrap-daterangepicker;3646;3646;JavaScript;none
1590408;derbyjs/derby;3645;3645;JavaScript;none
101248;samuelclay/NewsBlur;3643;3643;Objective-C;mit
571770;jgm/pandoc;3643;3643;Haskell;gpl-2.0
67451;binarylogic/authlogic;3636;3636;Ruby;mit
588871;cocos2d/cocos2d-spritebuilder;3641;3641;Objective-C;other
5297437;coolwanglu/pdf2htmlEX;3638;3638;C++;other
4644745;GoogleChrome/chrome-app-samples;3623;3623;JavaScript;apache-2.0
6479425;rendrjs/rendr;3632;3632;JavaScript;mit
242262;devinross/tapkulibrary;3620;3620;Objective-C;mit
2759563;tonymillion/Reachability;3636;3636;Objective-C;bsd-2-clause
5200099;thoughtbot/guides;3609;3609;Ruby;none
20965586;SwiftyJSON/SwiftyJSON;3593;3593;Swift;mit
26509369;coreos/rocket;3600;3600;Go;apache-2.0
15505458;matthieua/WOW;3587;3587;JavaScript;mit
12386312;filamentgroup/tablesaw;3588;3588;JavaScript;mit
11180687;spf13/hugo;3586;3586;Go;other
462292;mongodb/node-mongodb-native;3583;3583;JavaScript;apache-2.0
3411652;fontello/fontello;3577;3577;JavaScript;mit
12093057;simplefocus/FlowType.JS;3577;3577;JavaScript;mit
2826918;robbiehanson/CocoaAsyncSocket;3573;3573;Objective-C;none
11757750;facebookarchive/huxley;3576;3576;Python;apache-2.0
24650339;google/physical-web;3572;3572;Objective-C;apache-2.0
28135622;USArmyResearchLab/Dshell;3571;3571;Python;other
236571;rupa/z;3561;3561;Shell;none
1713774;TTTAttributedLabel/TTTAttributedLabel;3563;3563;Objective-C;mit
1548202;piwik/piwik;3559;3559;PHP;none
19757917;maxwellito/vivus;3558;3558;JavaScript;mit
2201052;woothemes/FlexSlider;3557;3557;JavaScript;none
3077368;facebookarchive/facebook-php-sdk;3557;3557;PHP;none
715547;highslide-software/highcharts.com;3547;3547;JavaScript;none
12820537;tripit/slate;3552;3552;JavaScript;other
24306221;kimmobrunfeldt/progressbar.js;3543;3543;JavaScript;mit
1066222;jedi4ever/veewee;3546;3546;Shell;mit
4702560;PHPOffice/PHPExcel;3539;3539;PHP;other
16089035;libreboard/libreboard;3542;3542;;none
1234714;elixir-lang/elixir;3536;3536;Elixir;other
6256729;JacksonTian/fks;3536;3536;JavaScript;none
5060433;sergeche/emmet-sublime;3533;3533;JavaScript;mit
6709682;novus/nvd3;3528;3528;JavaScript;other
15115183;omcljs/om;3526;3526;Clojure;none
6583352;alrra/browser-logos;3526;3526;Shell;none
2798959;skwp/dotfiles;3525;3525;Ruby;bsd-2-clause
914603;es-shims/es5-shim;3523;3523;JavaScript;mit
24162262;zeman/perfmap;3519;3519;JavaScript;none
14944045;CanvasPod/Canvas;3517;3517;Objective-C;mit
7639232;angular/protractor;3515;3515;JavaScript;mit
721040;stig/json-framework;3511;3511;Objective-C;bsd-3-clause
1607357;visionmedia/superagent;3514;3514;JavaScript;mit
2374578;square/cube;3502;3502;JavaScript;other
11446311;onevcat/VVDocumenter-Xcode;3496;3496;Objective-C;none
3301046;square/SocketRocket;3495;3495;Objective-C;other
544208;Eugeny/ajenti;3491;3491;Python;none
1543431;joyent/libuv;3490;3490;C;none
2454047;bbatsov/rails-style-guide;3484;3484;;none
774606;bmatzelle/gow;3485;3485;Visual Basic;none
1951148;kennethreitz/legit;3483;3483;Python;bsd-3-clause
3269452;ECSlidingViewController/ECSlidingViewController;3470;3470;Objective-C;mit
2293158;rapid7/metasploit-framework;3461;3461;Ruby;other
4028308;hakimel/stroll.js;3458;3458;HTML;mit
4513324;rxin/db-readings;3449;3449;;none
4930931;codeguy/php-the-right-way;3459;3459;CSS;other
3676419;csswizardry/CSS-Guidelines;3448;3448;;none
2851354;kneath/kss;3443;3443;Ruby;mit
1157388;tmuxinator/tmuxinator;3442;3442;Ruby;mit
5689093;AndroidBootstrap/android-bootstrap;3440;3440;Java;none
8710850;jimhigson/oboe.js;3423;3423;JavaScript;none
2525502;qiao/PathFinding.js;3425;3425;JavaScript;none
108278;chef/chef;3422;3422;Ruby;apache-2.0
667561;Marak/faker.js;3421;3421;JavaScript;other
18638428;tictail/bounce.js;3431;3431;CSS;mit
2206953;tj/commander.js;3432;3432;JavaScript;mit
1630999;share/ShareJS;3421;3421;JavaScript;mit
2253830;PHPMailer/PHPMailer;3413;3413;PHP;lgpl-2.1
17733708;facebook/Tweaks;3418;3418;Objective-C;bsd-3-clause
6834703;EnterpriseQualityCoding/FizzBuzzEnterpriseEdition;3411;3411;Java;none
26516975;tylertreat/Comcast;3407;3407;Go;apache-2.0
203666;fog/fog;3405;3405;Ruby;mit
10985948;maxogden/dat;3404;3404;JavaScript;bsd-2-clause
1420493;travis-ci/travis-ci;3411;3411;Ruby;none
184981;memcached/memcached;3405;3405;C;bsd-3-clause
14614344;Swordfish90/cool-retro-term;3402;3402;QML;none
11944782;BBC-News/Imager.js;3398;3398;JavaScript;apache-2.0
12271469;mail-in-a-box/mailinabox;3399;3399;Python;cc0-1.0
11593442;golang/groupcache;3396;3396;Go;apache-2.0
345337;openframeworks/openFrameworks;3394;3394;C;other
8205658;ngbp/ngbp;3386;3386;JavaScript;mit
1206546;winstonjs/winston;3385;3385;JavaScript;mit
15308499;RubaXa/Sortable;3383;3383;JavaScript;none
479586;mathiasbynens/jquery-placeholder;3377;3377;JavaScript;mit
9325315;strongloop/loopback;3380;3380;JavaScript;other
1911523;eclipse/vert.x;3370;3370;Java;other
790359;sequelize/sequelize;3367;3367;JavaScript;mit
1145832;pry/pry;3369;3369;Ruby;mit
3959394;docopt/docopt;3364;3364;Python;mit
11195700;Khan/KaTeX;3366;3366;JavaScript;mit
11276147;bliker/cmder;3366;3366;C++;none
11290232;flynn/flynn;3363;3363;Go;bsd-3-clause
22932849;ConnorAtherton/walkway;3352;3352;JavaScript;mit
17984636;lebinh/ngxtop;3354;3354;Python;mit
13597334;HubSpot/tether;3348;3348;JavaScript;mit
3122202;Reactive-Extensions/RxJS;3348;3348;JavaScript;other
6804324;yeoman/generator-angular;3341;3341;JavaScript;none
184460;celery/celery;3342;3342;Python;other
3880513;rwaldron/johnny-five;3338;3338;JavaScript;mit
1824023;SublimeCodeIntel/SublimeCodeIntel;3329;3329;Python;other
956732;hbons/SparkleShare;3324;3324;C#;none
7814621;Diogenesthecynic/FullScreenMario;3319;3319;;none
17469184;bootflat/bootflat.github.io;3328;3328;CSS;mit
106310;junit-team/junit;3312;3312;Java;epl-1.0
3390243;servo/servo;3311;3311;HTML;mpl-2.0
21461715;markets/awesome-ruby;3310;3310;;none
1045381;phonegap/phonegap-start;3313;3313;JavaScript;apache-2.0
7548986;laravel/framework;3308;3308;PHP;mit
10865;norman/friendly_id;3308;3308;Ruby;mit
2831096;TTimo/doom3.gpl;3307;3307;C++;none
6093316;borisyankov/DefinitelyTyped;3302;3302;TypeScript;mit
27860738;matz/streem;3304;3304;C;mit
19510544;lukehaas/css-loaders;3300;3300;CSS;mit
323788;meskyanichi/backup;3293;3293;Ruby;other
22720859;mailgun/transactional-email-templates;3299;3299;CSS;mit
21737465;sindresorhus/awesome;3288;3288;;none
57419;webpy/webpy;3285;3285;Python;other
21463898;twostairs/paperwork;3284;3284;JavaScript;mit
1007362;twitter/finagle;3284;3284;Scala;apache-2.0
3210166;ichord/At.js;3281;3281;CoffeeScript;mit
28751632;0xAX/linux-insides;3282;3282;;none
10717112;shipyard/shipyard;3281;3281;Go;apache-2.0
143580;divio/django-cms;3280;3280;Gettext Catalog;bsd-3-clause
441854;evilstreak/markdown-js;3275;3275;JavaScript;none
13584262;feross/webtorrent;3280;3280;JavaScript;mit
10454231;justinwalsh/daux.io;3273;3273;CSS;mit
3610260;sarperdag/SEHumanizedTimeDiff;300;300;Objective-C;none
3168079;DoubleSpout/rrestjs;300;300;JavaScript;none
6855890;KieranLafferty/KLExpandingSelect;299;299;Objective-C;other
1771378;RailsApps/rails3-mongoid-omniauth;299;299;Ruby;none
1070634;mkocher/soloist;299;299;Ruby;mit
1064159;adamsanderson/qwandry;299;299;Ruby;none
99778;nextmat/compass-960-plugin;299;299;Ruby;other
1259142;bjhomer/HSImageSidebarView;298;298;Objective-C;mit
105996;jcoglan/heist;299;299;Ruby;none
5798319;mustafaakin/terminal-webcam;298;298;Python;mit
21767623;matteogobbi/MGFashionMenuView;297;297;Objective-C;mit
16180804;dmtintner/UtilityBelt;298;298;CSS;gpl-2.0
520887;creationix/do;297;297;JavaScript;mit
2223348;ianw/bottomupcs;297;297;XSLT;none
1082997;delano/redis-dump;297;297;Ruby;mit
631152;pkrumins/nodejs-proxy;297;297;JavaScript;none
316401;gameclosure/hookbox;296;296;JavaScript;mit
2409552;chloerei/code_campo;296;296;Ruby;none
134946;Caged/httpriot;296;296;Objective-C;none
1374277;sivy/pystatsd;296;296;Python;bsd-2-clause
6343553;instructure/CKRefreshControl;296;296;Objective-C;mit
13364612;omphalos/earhorn;296;296;JavaScript;mit
573503;coleifer/django-relationships;296;296;Python;mit
998083;vim-scripts/taglist.vim;295;295;VimL;none
2208426;substack/node-multimeter;296;296;JavaScript;none
17241026;mmislam101/EasyTimeline;295;295;Objective-C;unlicense
2226514;WebReflection/JSONH;295;295;JavaScript;none
1449225;digdog/UIDickBar;294;294;Objective-C;none
17925986;beraboris/eldritch;294;294;Ruby;mit
17651322;rwz/mock5;294;294;Ruby;mit
12488374;hzlzh/Best-App;3180;3180;;none
8586088;viljamis/responsive-nav.js;3179;3179;JavaScript;none
519832;mitmproxy/mitmproxy;3184;3184;JavaScript;mit
211588;airblade/paper_trail;3183;3183;Ruby;mit
23404839;kitematic/kitematic;3178;3178;JavaScript;apache-2.0
15057216;etsy/AndroidStaggeredGrid;3175;3175;Java;none
4044891;realm/realm-cocoa;3178;3178;Objective-C;other
7147058;markdalgleish/bespoke.js;3169;3169;JavaScript;mit
19872456;rackt/react-router;3168;3168;JavaScript;mit
28946018;KeyboardFire/mkcast;3167;3167;Python;mit
7805574;nostalgiaz/bootstrap-switch;3163;3163;CoffeeScript;apache-2.0
3853751;appjs/appjs;3161;3161;C++;mit
2688455;lokesh/color-thief;3159;3159;JavaScript;none
15435;Shopify/liquid;3166;3166;Ruby;mit
30794868;Selz/plyr;3159;3159;JavaScript;mit
802006;johndyer/mediaelement;3159;3159;JavaScript;none
4828;mbleigh/acts-as-taggable-on;3153;3153;Ruby;mit
309009;mongoid/mongoid;3157;3157;Ruby;mit
11745592;kenkeiter/skeuocard;3153;3153;JavaScript;mit
33945;sparklemotion/nokogiri;3150;3150;Java;none
1376664;Seldaek/monolog;3152;3152;PHP;mit
791611;mono/mono;3148;3148;C#;other
5349565;facebook/presto;3147;3147;Java;apache-2.0
6036101;adamwdraper/Numeral-js;3142;3142;JavaScript;mit
440647;srobbin/jquery-backstretch;3145;3145;JavaScript;mit
18102026;winjs/winjs;3143;3143;TypeScript;mit
12984746;gabrielemariotti/cardslib;3142;3142;Java;none
300459;arashpayan/appirater;3141;3141;Objective-C;none
12104024;datasciencemasters/go;3135;3135;;unlicense
11850014;google/gumbo-parser;3141;3141;HTML;apache-2.0
1714160;NaturalNode/natural;3132;3132;JavaScript;mit
5569059;mishoo/UglifyJS2;3134;3134;JavaScript;bsd-2-clause
11715753;robertdavidgraham/masscan;3134;3134;C;other
2564712;liftoff/GateOne;3129;3129;HTML;other
5550552;owncloud/core;3129;3129;PHP;none
23082332;slackhq/SlackTextViewController;3120;3120;Objective-C;other
259691;jquery/qunit;3112;3112;JavaScript;other
8575137;JakeWharton/butterknife;3124;3124;Java;apache-2.0
363150;andymccurdy/redis-py;3117;3117;Python;mit
1834942;kif-framework/KIF;3110;3110;Objective-C;other
1980539;drapergem/draper;3108;3108;Ruby;mit
19249835;google/WebFundamentals;3110;3110;HTML;apache-2.0
507;sferik/twitter;3104;3104;Ruby;mit
25975629;outpunk/evil-icons;3107;3107;Ruby;mit
5084750;chrisbanes/PhotoView;3104;3104;Java;apache-2.0
7764245;HubSpot/messenger;3102;3102;JavaScript;mit
176780;alexreisner/geocoder;3100;3100;Ruby;mit
16501535;segmentio/metalsmith;3097;3097;JavaScript;none
5405654;pcottle/learnGitBranching;3098;3098;JavaScript;mit
3114995;markdalgleish/stellar.js;3096;3096;JavaScript;mit
12464962;sofish/pen;3084;3084;JavaScript;mit
277089;flyerhzm/bullet;3086;3086;Ruby;mit
3616639;ericdrowell/KineticJS;3085;3085;JavaScript;none
212862;refinery/refinerycms;3083;3083;Ruby;mit
5279091;square/dagger;3082;3082;Java;apache-2.0
28438;pluginaweek/state_machine;3071;3071;Ruby;mit
11797828;NYTimes/objective-c-style-guide;3080;3080;;mit
9424390;terryma/vim-multiple-cursors;3071;3071;VimL;mit
9705586;astuetz/PagerSlidingTabStrip;3056;3056;Java;none
6859626;tombenner/nui;3061;3061;Objective-C;mit
16368651;BoltsFramework/Bolts-iOS;3055;3055;Objective-C;bsd-2-clause
672136;ddollar/foreman;3054;3054;Ruby;mit
4287921;reactphp/react;3052;3052;PHP;mit
910744;puppetlabs/puppet;3049;3049;Ruby;other
1585433;nesquena/rabl;3051;3051;Ruby;mit
472860;geuis/helium-css;3046;3046;JavaScript;none
6766558;Netflix/Hystrix;3047;3047;Java;apache-2.0
1272129;dropwizard/dropwizard;3046;3046;Java;apache-2.0
3623499;Induction/Induction;3045;3045;Objective-C;mit
14125254;hashicorp/consul;3042;3042;Go;mpl-2.0
1574656;bnoguchi/everyauth;3032;3032;JavaScript;none
16563587;cockroachdb/cockroach;3037;3037;Go;apache-2.0
13200787;IFTTT/JazzHands;3038;3038;Objective-C;mit
28513398;MengTo/Spring;3032;3032;Swift;mit
23783375;geekcompany/ResumeSample;3027;3027;;none
2302803;MrSwitch/hello.js;3021;3021;JavaScript;mit
7878487;tholman/zenpen;3024;3024;JavaScript;apache-2.0
3056094;medialize/URI.js;3021;3021;JavaScript;mit
2367681;deployd/deployd;3011;3011;JavaScript;none
8285747;JeffreyWay/Laravel-4-Generators;3020;3020;PHP;mit
2832871;sferik/t;3008;3008;Ruby;mit
11726680;h5bp/server-configs-nginx;3015;3015;ApacheConf;mit
26133979;mozilla/firefox-ios;3005;3005;C;mpl-2.0
46939;django-debug-toolbar/django-debug-toolbar;3005;3005;Gettext Catalog;bsd-3-clause
565629;midgetspy/Sick-Beard;2986;2986;Python;none
26291683;twitter/twemoji;2996;2996;JavaScript;mit
17982061;scrapinghub/portia;2984;2984;Python;bsd-3-clause
220163;faye/faye;2984;2984;JavaScript;none
2715671;fancyapps/fancyBox;2983;2983;JavaScript;none
4073516;mruby/mruby;2982;2982;C;none
5969840;rails/turbolinks;2981;2981;CoffeeScript;mit
1459821;basecamp/pow;2979;2979;CoffeeScript;mit
5972219;silviomoreto/bootstrap-select;2976;2976;JavaScript;mit
23059575;zettio/weave;2979;2979;Go;apache-2.0
18294;Shopify/active_merchant;2976;2976;Ruby;mit
20232642;schneiderandre/popping;2974;2974;Objective-C;mit
3006455;mozilla/shumway;2971;2971;TypeScript;apache-2.0
14298729;guardian/scribe;2976;2976;JavaScript;other
11776741;jakiestfu/Medium.js;2971;2971;JavaScript;none
4484451;amix/vimrc;2969;2969;VimL;none
443222;nathansmith/960-Grid-System;2963;2963;CSS;none
16469292;dinedal/textql;2960;2960;Go;mit
13451291;lhartikk/ArnoldC;2963;2963;Scala;apache-2.0
9421282;KrauseFx/TSMessages;2959;2959;Objective-C;mit
1696822;clips/pattern;2955;2955;Python;bsd-3-clause
2198140;escoz/QuickDialog;2954;2954;Objective-C;other
4793392;sqlmapproject/sqlmap;2954;2954;Python;none
23029617;h2o/h2o;2953;2953;C;mit
5494;sstephenson/prototype;2947;2947;JavaScript;other
17814354;lhorie/mithril.js;2946;2946;HTML;mit
10214538;koush/ion;2945;2945;Java;other
379530;benpickles/peity;2938;2938;JavaScript;mit
37997;jnunemaker/httparty;2938;2938;Ruby;mit
15648899;aporter/coursera-android;2938;2938;Java;none
9340529;subprotocol/verlet-js;2934;2934;JavaScript;mit
9330072;fogleman/Craft;2933;2933;C;mit
2088939;sockjs/sockjs-client;2933;2933;JavaScript;other
1238201;Cocoanetics/DTCoreText;2930;2930;HTML;bsd-2-clause
768345;eczarny/spectacle;2930;2930;Objective-C;mit
7874074;goldfire/howler.js;2929;2929;JavaScript;mit
5188794;nothingmagical/cheddar-ios;2924;2924;Objective-C;bsd-2-clause
1141441;assaf/zombie;2928;2928;JavaScript;mit
17065530;facebook/chisel;2918;2918;Python;bsd-3-clause
6969835;icanzilb/JSONModel;2920;2920;Objective-C;other
165886;facebookarchive/scribe;2919;2919;C++;apache-2.0
24628923;navasmdc/MaterialDesignLibrary;2915;2915;Java;apache-2.0
17149519;facebook/KVOController;2910;2910;Objective-C;bsd-3-clause
8936633;maxogden/art-of-node;2916;2916;JavaScript;other
14095175;SFTtech/openage;2910;2910;C++;none
1381275;altercation/vim-colors-solarized;2913;2913;VimL;none
2125788;kennethreitz/osx-gcc-installer;2909;2909;Python;none
8783663;dennis714/RE-for-beginners;2904;2904;TeX;other
1540246;spine/spine;2907;2907;JavaScript;mit
18609451;duojs/duo;2906;2906;JavaScript;none
611562;holman/dotfiles;2901;2901;Shell;mit
35219;rmm5t/jquery-timeago;2896;2896;JavaScript;mit
2251700;gimenete/iOS-boilerplate;2899;2899;Objective-C;none
25095239;aFarkas/lazysizes;2894;2894;HTML;mit
3736374;gotosleep/JASidePanels;2892;2892;Objective-C;none
1238771;kriswallsmith/assetic;2892;2892;PHP;mit
4697589;segmentio/analytics.js;2894;2894;JavaScript;none
537800;dropwizard/metrics;2892;2892;Java;apache-2.0
9295871;pixelsign/html5-device-mockups;2890;2890;CSS;other
5263633;mozilla/sweet.js;2891;2891;JavaScript;bsd-2-clause
9914221;mutualmobile/MMDrawerController;2891;2891;Objective-C;mit
339607;enormego/EGOTableViewPullRefresh;2888;2888;Objective-C;none
26103342;nate-parrott/Flashlight;2887;2887;Python;other
1418150;bjorn/tiled;2888;2888;C++;other
286066;wayneeseguin/rvm;2887;2887;Diff;other
745502;senchalabs/jQTouch;2886;2886;CSS;mit
10480910;chrisbanes/ActionBar-PullToRefresh;2886;2886;Java;none
620636;typekit/webfontloader;2884;2884;JavaScript;apache-2.0
1012503;mwaterfall/MWPhotoBrowser;2880;2880;Objective-C;mit
85670;yui/yui3;2879;2879;JavaScript;other
3415511;chaplinjs/chaplin;2877;2877;CoffeeScript;other
3995054;luis-almeida/unveil;2872;2872;JavaScript;none
43371;eventmachine/eventmachine;2877;2877;Ruby;other
16986405;liabru/matter-js;2865;2865;JavaScript;mit
8608480;google/google-api-nodejs-client;2862;2862;JavaScript;apache-2.0
30538630;IonicaBizau/git-stats;2863;2863;JavaScript;mit
107258;joelthelion/autojump;2859;2859;Python;gpl-3.0
816197;errbit/errbit;2860;2860;Ruby;mit
521424;happyworm/jPlayer;2859;2859;JavaScript;mit
560495;jsdoc3/jsdoc;2858;2858;JavaScript;other
3430409;XVimProject/XVim;2855;2855;Objective-C;mit
5546286;filamentgroup/grunticon;2853;2853;JavaScript;mit
2909429;nicolargo/glances;2847;2847;Python;lgpl-3.0
114732;malsup/form;2852;2852;JavaScript;none
5625;phusion/passenger;2846;2846;C++;mit
1049095;kivy/kivy;2846;2846;Python;mit
9252533;numenta/nupic;2846;2846;Python;gpl-3.0
2723064;aurajs/aura;2845;2845;JavaScript;mit
7777332;BBC-News/wraith;2845;2845;Ruby;apache-2.0
23736449;VincentGarreau/particles.js;2842;2842;JavaScript;mit
2339961;andreafabrizi/Dropbox-Uploader;2842;2842;Shell;gpl-3.0
18320947;dropbox/pyston;2841;2841;Python;other
5694937;jonobr1/two.js;2837;2837;JavaScript;other
11116372;keystonejs/keystone;2836;2836;JavaScript;mit
9906653;ankane/chartkick;2835;2835;JavaScript;mit
17535332;qyuhen/book;2835;2835;;none
22374063;futurice/android-best-practices;2833;2833;Java;other
4117751;samvermette/SVPullToRefresh;2833;2833;Objective-C;mit
30165704;Mango/slideout;2823;2823;JavaScript;mit
239940;bottlepy/bottle;2818;2818;Python;mit
13362280;mgechev/angularjs-style-guide;2819;2819;;none
61032;tpope/vim-rails;2815;2815;VimL;none
11621778;danialfarid/ng-file-upload;2814;2814;JavaScript;mit
7292898;peers/peerjs;2814;2814;JavaScript;mit
8557873;GumbyFramework/Gumby;2812;2812;CSS;none
1918677;fluent/fluentd;2811;2811;Ruby;other
13257135;hashicorp/serf;2811;2811;Go;mpl-2.0
7994556;trifacta/vega;2809;2809;JavaScript;bsd-3-clause
4999959;haiwen/seafile;2808;2808;C;gpl-3.0
21552971;alebcay/awesome-shell;2800;2800;;none
3721219;Gazler/githug;2802;2802;Shell;mit
6662075;joke2k/faker;2803;2803;Python;mit
76067;django/django-old;2797;2797;Python;bsd-3-clause
849558;soffes/sstoolkit;2794;2794;Ruby;mit
1647876;pa7/heatmap.js;2796;2796;JavaScript;mit
7266208;koenbok/Framer;2790;2790;CoffeeScript;mit
467461;moxiecode/plupload;2790;2790;JavaScript;gpl-2.0
5391743;roboguice/roboguice;2790;2790;Java;other
5901900;LMAX-Exchange/disruptor;2789;2789;Java;apache-2.0
8512283;zmoazeni/csscss;2785;2785;Ruby;mit
4459589;rigoneri/syte;2778;2778;JavaScript;none
10466461;mozbrick/brick;2787;2787;JavaScript;apache-2.0
22652910;ruipgil/scraperjs;2776;2776;JavaScript;mit
8310356;airblade/vim-gitgutter;2776;2776;VimL;none
488514;bundler/bundler;2772;2772;Ruby;mit
6177949;lockitron/selfstarter;2772;2772;Ruby;mit
557977;Automattic/socket.io-client;2768;2768;JavaScript;mit
1204412;TrinityCore/TrinityCore;2761;2761;PLSQL;gpl-2.0
16652218;sharelatex/sharelatex;2751;2751;HTML;agpl-3.0
738250;NancyFx/Nancy;2744;2744;C#;mit
2499845;mroth/lolcommits;2760;2760;Ruby;lgpl-3.0
2032813;DevinVinson/WordPress-Plugin-Boilerplate;2751;2751;PHP;none
2669200;neilj/Squire;2746;2746;JavaScript;mit
7229063;dnschneid/crouton;2743;2743;Shell;bsd-3-clause
312262;philc/vimium;2744;2744;CoffeeScript;mit
1725199;github/linguist;2743;2743;Ruby;mit
6529205;elabs/pundit;2739;2739;Ruby;mit
5275559;thoughtbot/neat;2738;2738;CSS;mit
1339922;ServiceStack/ServiceStack;2741;2741;C#;other
957012;revans/bash-it;2737;2737;Shell;none
8385616;toml-lang/toml;2736;2736;;mit
3182350;amoffat/sh;2735;2735;Python;mit
1963063;LearnBoost/kue;2734;2734;JavaScript;none
2103283;mattt/FormatterKit;2736;2736;Objective-C;mit
4188772;CodeSeven/toastr;2733;2733;JavaScript;none
24776728;facebook/proxygen;2727;2727;C++;bsd-3-clause
10410764;umano/AndroidSlidingUpPanel;2729;2729;Java;apache-2.0
2556901;LeaVerou/prefixfree;2730;2730;JavaScript;none
15340074;leemunroe/html-email-template;2723;2723;;mit
1549395;celluloid/celluloid;2726;2726;Ruby;mit
29370487;thoughtbot/til;2721;2721;;none
6975711;sintaxi/harp;2722;2722;JavaScript;none
9927626;layervault/psd.rb;2718;2718;Ruby;mit
10227799;blakeembrey/code-problems;2718;2718;JavaScript;mit
7178155;wout/svg.js;2718;2718;JavaScript;mit
605475;mnutt/hummingbird;2716;2716;JavaScript;mit
